               epoch,      train/box_loss,      train/obj_loss,      train/cls_loss,   metrics/precision,      metrics/recall,     metrics/mAP_0.5,metrics/mAP_0.5:0.95,        val/box_loss,        val/obj_loss,        val/cls_loss,               x/lr0,               x/lr1,               x/lr2
                   0,              0.1208,            0.029165,                   0,           0.0037729,            0.018519,           0.0010014,          0.00016765,             0.10094,            0.024906,                   0,              0.0011,              0.0011,              0.0901
                   1,             0.10323,            0.026263,                   0,            0.044345,            0.037037,           0.0050337,           0.0008968,            0.090032,            0.021784,                   0,           0.0022241,           0.0022241,            0.079224
                   2,            0.094173,            0.025391,                   0,            0.015215,             0.18519,           0.0055935,           0.0010201,            0.083049,            0.019267,                   0,            0.003269,            0.003269,            0.068269
                   3,            0.087912,            0.024514,                   0,            0.030768,              0.2037,            0.014685,           0.0021811,            0.078372,            0.017746,                   0,           0.0042347,           0.0042347,            0.057235
                   4,            0.081868,            0.023864,                   0,             0.16326,             0.11111,             0.04326,           0.0065586,            0.078788,            0.016429,                   0,           0.0051212,           0.0051212,            0.046121
                   5,            0.077181,             0.02225,                   0,             0.26009,            0.092593,            0.049996,            0.012841,            0.073855,             0.01612,                   0,           0.0059285,           0.0059285,            0.034929
                   6,            0.078623,            0.021885,                   0,             0.15241,             0.14815,            0.052802,           0.0075004,            0.073665,             0.01511,                   0,           0.0066566,           0.0066566,            0.023657
