               epoch,      train/box_loss,      train/obj_loss,      train/cls_loss,   metrics/precision,      metrics/recall,     metrics/mAP_0.5,metrics/mAP_0.5:0.95,        val/box_loss,        val/obj_loss,        val/cls_loss,               x/lr0,               x/lr1,               x/lr2
                   0,            0.071286,            0.019602,                   0,             0.28737,              0.2144,             0.11954,            0.026967,            0.077921,           0.0075593,                   0,          0.00033207,          0.00033207,            0.067125
                   1,            0.056163,            0.015888,                   0,             0.55201,             0.46835,              0.4114,             0.14108,             0.06184,           0.0069259,                   0,          0.00066524,          0.00066524,            0.034125
